sample_index,timestamp_seconds,raw_voltage,filtered_voltage,lead_off
0,3.344,1.6440,0.3222,0
1,3.834,1.6460,0.5839,0
2,4.026,1.6440,0.8119,0
3,4.095,1.6440,0.9635,0
4,4.131,1.6460,1.0698,0
5,4.614,1.6420,1.1750,0
6,4.789,1.6460,1.2459,0
7,5.151,1.6480,1.2771,0
8,5.180,1.6440,1.3142,0
9,5.258,1.6480,1.3459,0
10,5.313,1.6440,1.3436,0
11,5.339,1.6480,1.3432,0
12,5.408,1.6480,1.3529,0
13,5.437,1.6500,1.3411,0
14,5.463,1.6440,1.3199,0
15,5.498,1.6440,1.3142,0
16,5.526,1.6460,1.3001,0
17,5.552,1.6500,1.2728,0
18,5.580,1.6440,1.2564,0
19,5.607,1.6480,1.2434,0
20,5.633,1.6480,1.2156,0
21,5.660,1.6460,1.1924,0
22,5.688,1.6500,1.1793,0
23,5.715,1.6440,1.1543,0
24,5.743,1.6480,1.1279,0
25,5.773,1.6500,1.1127,0
26,5.801,1.6480,1.0931,0
27,5.827,1.6420,1.0652,0
28,5.855,1.6500,1.0472,0
29,5.882,1.6440,1.0302,0
30,5.910,1.6460,1.0058,0
31,5.937,1.6500,0.9854,0
32,5.965,1.6460,0.9702,0
33,5.991,1.6460,0.9494,0
34,6.019,1.6500,0.9280,0
35,6.049,1.6460,0.9125,0
36,6.078,1.6420,0.8945,0
37,6.109,1.6440,0.8727,0
38,6.137,1.6500,0.8572,0
39,6.165,1.6460,0.8426,0
40,6.191,1.6460,0.8233,0
41,6.219,1.6500,0.8066,0
42,6.247,1.6440,0.7926,0
43,6.275,1.6500,0.7769,0
44,6.302,1.6480,0.7594,0
45,6.331,1.6440,0.7455,0
46,6.359,1.6460,0.7312,0
47,6.386,1.6480,0.7147,0
48,6.413,1.6460,0.7008,0
49,6.440,1.6480,0.6887,0
50,6.467,1.6460,0.6732,0
51,6.493,1.6480,0.6594,0
52,6.520,1.6500,0.6486,0
53,6.547,1.6420,0.6341,0
54,6.575,1.6440,0.6196,0
55,6.605,1.6500,0.6090,0
56,6.633,1.6460,0.5972,0
57,6.659,1.6460,0.5840,0
58,6.686,1.6500,0.5732,0
59,6.714,1.6440,0.5621,0
60,6.741,1.6460,0.5500,0
61,6.769,1.6480,0.5388,0
62,6.797,1.6420,0.5280,0
63,6.823,1.6480,0.5178,0
64,6.851,1.6480,0.5069,0
65,6.881,1.6440,0.4969,0
66,6.909,1.6460,0.4874,0
67,6.936,1.6500,0.4776,0
68,6.964,1.6440,0.4676,0
69,6.991,1.6460,0.4589,0
70,7.018,1.6480,0.4495,0
71,7.045,1.6440,0.4397,0
72,7.072,1.6480,0.4320,0
73,7.099,1.6460,0.4231,0
74,7.125,1.6460,0.4140,0
75,7.156,1.6500,0.4070,0
76,7.184,1.6480,0.3992,0
77,7.212,1.6440,0.3901,0
78,7.240,1.6480,0.3827,0
79,7.266,1.6480,0.3756,0
80,7.293,1.6440,0.3672,0
81,7.321,1.6480,0.3600,0
82,7.348,1.6460,0.3529,0
83,7.375,1.6480,0.3462,0
84,7.403,1.6500,0.3396,0
85,7.432,1.6460,0.3327,0
86,7.460,1.6440,0.3256,0
87,7.486,1.6500,0.3194,0
88,7.514,1.6440,0.3124,0
89,7.541,1.6460,0.3064,0
90,7.569,1.6480,0.3003,0
91,7.597,1.6420,0.2932,0
92,7.623,1.6480,0.2881,0
93,7.650,1.6480,0.2825,0
94,7.678,1.6420,0.2758,0
95,7.708,1.6480,0.2709,0
96,7.736,1.6500,0.2662,0
97,7.764,1.6440,0.2602,0
98,7.790,1.6480,0.2555,0
99,7.817,1.6480,0.2506,0
100,7.845,1.6440,0.2449,0
101,7.872,1.6480,0.2405,0
102,7.898,1.6460,0.2355,0
103,7.925,1.6480,0.2310,0
104,7.952,1.6500,0.2271,0
105,7.982,1.6460,0.2223,0
106,8.010,1.6440,0.2172,0
107,8.037,1.6480,0.2131,0
108,8.065,1.6440,0.2083,0
109,8.091,1.6480,0.2045,0
110,8.118,1.6500,0.2010,0
111,8.146,1.6420,0.1960,0
112,8.174,1.6480,0.1925,0
113,8.201,1.6500,0.1891,0
114,8.231,1.6460,0.1852,0
115,8.263,1.6440,0.1811,0
116,8.291,1.6440,0.1768,0
117,8.318,1.6500,0.1739,0
118,8.345,1.6440,0.1701,0
119,8.373,1.6480,0.1671,0
120,8.400,1.6480,0.1638,0
121,8.427,1.6460,0.1605,0
122,8.454,1.6500,0.1581,0
123,8.482,1.6460,0.1544,0
124,8.509,1.6460,0.1512,0
125,8.540,1.6480,0.1486,0
126,8.568,1.6480,0.1456,0
127,8.599,1.6460,0.1424,0
128,8.626,1.6480,0.1399,0
129,8.654,1.6460,0.1368,0
130,8.681,1.6480,0.1342,0
131,8.709,1.6440,0.1310,0
132,8.736,1.6440,0.1279,0
133,8.763,1.6440,0.1247,0
134,8.790,1.6460,0.1224,0
135,8.819,1.6460,0.1201,0
136,8.847,1.6460,0.1176,0
137,8.875,1.6460,0.1153,0
138,8.903,1.6480,0.1135,0
139,8.930,1.6440,0.1108,0
140,8.956,1.6480,0.1089,0
141,8.984,1.6480,0.1071,0
142,9.011,1.6460,0.1049,0
143,9.039,1.6500,0.1035,0
144,9.066,1.6480,0.1015,0
145,9.095,1.6480,0.0998,0
146,9.123,1.6480,0.0979,0
147,9.150,1.6480,0.0959,0
148,9.177,1.6440,0.0933,0
149,9.205,1.6480,0.0917,0
150,9.235,1.6480,0.0899,0
151,9.262,1.6460,0.0879,0
152,9.290,1.6480,0.0864,0
153,9.317,1.6480,0.0847,0
154,9.345,1.6440,0.0824,0
155,9.375,1.6460,0.0807,0
156,9.403,1.6500,0.0796,0
157,9.431,1.6460,0.0777,0
158,9.457,1.6500,0.0770,0
159,9.485,1.6500,0.0758,0
160,9.513,1.6440,0.0734,0
161,9.540,1.6480,0.0723,0
162,9.568,1.6480,0.0708,0
163,9.595,1.6440,0.0686,0
164,9.622,1.6460,0.0673,0
165,9.652,1.6520,0.0668,0
166,9.679,1.6440,0.0647,0
167,9.708,1.6460,0.0634,0
168,9.736,1.6500,0.0627,0
169,9.763,1.6440,0.0606,0
170,9.789,1.6500,0.0603,0
171,9.817,1.6480,0.0591,0
172,9.845,1.6440,0.0572,0
173,9.873,1.6460,0.0560,0
174,9.900,1.6480,0.0551,0
175,9.929,1.6440,0.0533,0
176,9.957,1.6480,0.0527,0
177,9.984,1.6480,0.0518,0
178,10.012,1.6460,0.0506,0
179,10.040,1.6480,0.0499,0
180,10.068,1.6500,0.0495,0
181,10.095,1.6440,0.0478,0
182,10.122,1.6480,0.0471,0
183,10.149,1.6460,0.0458,0
184,10.177,1.6440,0.0444,0
185,10.207,1.6460,0.0435,0
186,10.236,1.6500,0.0432,0
187,10.264,1.6440,0.0418,0
188,10.291,1.6460,0.0410,0
189,10.319,1.6480,0.0404,0
190,10.347,1.6440,0.0390,0
191,10.375,1.6500,0.0392,0
192,10.402,1.6440,0.0377,0
193,10.429,1.6460,0.0369,0
194,10.456,1.6480,0.0365,0
195,10.486,1.6480,0.0361,0
196,10.514,1.6460,0.0352,0
197,10.542,1.6480,0.0348,0
198,10.570,1.6480,0.0342,0
199,10.597,1.6460,0.0333,0
200,10.626,1.6440,0.0321,0
201,10.652,1.6480,0.0317,0
202,10.680,1.6440,0.0305,0
203,10.708,1.6460,0.0300,0
204,10.735,1.6500,0.0301,0
205,10.766,1.6460,0.0293,0
206,10.795,1.6420,0.0279,0
207,10.821,1.6480,0.0277,0
208,10.849,1.6460,0.0269,0
209,10.877,1.6480,0.0270,0
210,10.905,1.6500,0.0271,0
211,10.933,1.6460,0.0262,0
212,10.960,1.6480,0.0260,0
213,10.987,1.6480,0.0257,0
214,11.015,1.6480,0.0252,0
215,11.045,1.6440,0.0241,0
216,11.074,1.6480,0.0239,0
217,11.102,1.6500,0.0238,0
218,11.129,1.6440,0.0227,0
219,11.156,1.6480,0.0226,0
220,11.184,1.6500,0.0225,0
221,11.211,1.6420,0.0210,0
222,11.240,1.6460,0.0206,0
223,11.268,1.6480,0.0203,0
224,11.298,1.6460,0.0197,0
225,11.328,1.6440,0.0191,0
226,11.357,1.6500,0.0193,0
227,11.384,1.6480,0.0190,0
228,11.411,1.6440,0.0183,0
229,11.439,1.6480,0.0182,0
230,11.467,1.6480,0.0177,0
231,11.494,1.6460,0.0175,0
232,11.521,1.6480,0.0175,0
233,11.549,1.6480,0.0170,0
234,11.577,1.6460,0.0165,0
235,11.607,1.6500,0.0170,0
236,11.635,1.6480,0.0165,0
237,11.662,1.6440,0.0154,0
238,11.689,1.6480,0.0156,0
239,11.717,1.6480,0.0152,0
240,11.745,1.6420,0.0138,0
241,11.773,1.6500,0.0144,0
242,11.801,1.6480,0.0142,0
243,11.828,1.6420,0.0129,0
244,11.854,1.6480,0.0131,0
245,11.885,1.6480,0.0130,0
246,11.913,1.6420,0.0118,0
247,11.941,1.6480,0.0121,0
248,11.969,1.6500,0.0124,0
249,11.997,1.6440,0.0117,0
250,12.025,1.6460,0.0115,0
251,12.052,1.6460,0.0110,0
252,12.080,1.6440,0.0103,0
253,12.108,1.6460,0.0103,0
254,12.136,1.6460,0.0100,0
255,12.167,1.6480,0.0101,0
256,12.194,1.6440,0.0097,0
257,12.222,1.6480,0.0099,0
258,12.252,1.6480,0.0098,0
259,12.280,1.6460,0.0097,0
260,12.308,1.6480,0.0099,0
261,12.337,1.6480,0.0097,0
262,12.365,1.6460,0.0094,0
263,12.393,1.6460,0.0092,0
264,12.419,1.6480,0.0091,0
265,12.450,1.6480,0.0091,0
266,12.478,1.6440,0.0085,0
267,12.506,1.6480,0.0085,0
268,12.534,1.6480,0.0084,0
269,12.561,1.6440,0.0079,0
270,12.588,1.6480,0.0081,0
271,12.616,1.6480,0.0079,0
272,12.644,1.6480,0.0081,0
273,12.672,1.6480,0.0083,0
274,12.700,1.6480,0.0080,0
275,12.731,1.6480,0.0079,0
276,12.760,1.6460,0.0077,0
277,12.787,1.6480,0.0075,0
278,12.815,1.6460,0.0069,0
279,12.843,1.6460,0.0068,0
280,12.871,1.6500,0.0073,0
281,12.899,1.6480,0.0070,0
282,12.926,1.6460,0.0067,0
283,12.953,1.6500,0.0072,0
284,12.981,1.6440,0.0061,0
285,13.011,1.6440,0.0055,0
286,13.040,1.6520,0.0065,0
287,13.068,1.6480,0.0063,0
288,13.096,1.6460,0.0060,0
289,13.124,1.6460,0.0057,0
290,13.152,1.6500,0.0059,0
291,13.180,1.6440,0.0052,0
292,13.208,1.6480,0.0054,0
293,13.237,1.6480,0.0053,0
294,13.265,1.6460,0.0049,0
295,13.296,1.6440,0.0044,0
296,13.324,1.6480,0.0045,0
297,13.351,1.6500,0.0049,0
298,13.380,1.6440,0.0044,0
299,13.407,1.6460,0.0042,0
300,13.436,1.8220,0.0382,0
301,13.465,1.7320,0.0485,0
302,13.492,1.8840,0.0884,0
303,13.519,0.1420,-0.2255,0
304,13.547,1.5480,-0.2028,0
305,13.577,2.2280,-0.0680,0
306,13.606,2.0800,0.0568,0
307,13.635,2.1000,0.1578,0
308,13.664,2.0960,0.1899,0
309,13.692,2.4240,0.3063,0
310,13.719,2.5420,0.4463,0
311,13.748,2.1840,0.4504,0
312,13.776,1.9340,0.3984,0
313,13.804,1.7320,0.3412,0
314,13.833,1.5960,0.2517,0
315,13.864,1.5140,0.1473,0
316,13.892,1.6320,0.1099,0
317,13.920,1.7440,0.1039,0
318,13.949,1.4960,0.0322,0
319,13.978,1.6460,0.0148,0
320,14.007,1.8540,0.0487,0
321,14.036,1.7800,0.0521,0
322,14.065,1.6240,0.0263,0
323,14.093,1.6440,0.0138,0
324,14.122,1.7440,0.0163,0
325,14.153,1.6200,-0.0044,0
326,14.182,1.4780,-0.0417,0
327,14.210,1.8740,-0.0020,0
328,14.239,1.6960,-0.0069,0
329,14.269,1.7760,0.0201,0
330,14.298,1.5800,-0.0080,0
331,14.327,0.7900,-0.1918,0
332,14.356,1.4020,-0.2099,0
333,14.384,1.9320,-0.1276,0
334,14.413,1.9760,-0.0389,0
335,14.444,2.0640,0.0569,0
336,14.474,2.3000,0.1607,0
337,14.504,2.3320,0.2530,0
338,14.535,2.2280,0.3212,0
339,14.564,1.9560,0.3052,0
340,14.594,1.7140,0.2335,0
341,14.623,1.9000,0.2258,0
342,14.655,1.5800,0.1544,0
343,14.683,1.4420,0.0617,0
344,14.713,1.5000,0.0001,0
345,14.747,1.4240,-0.0572,0
346,14.777,1.6120,-0.0677,0
347,14.807,1.7220,-0.0583,0
348,14.837,1.5780,-0.0697,0
349,14.867,1.4540,-0.1032,0
350,14.897,1.5740,-0.1170,0
351,14.926,1.6540,-0.1061,0
352,14.956,1.5000,-0.1174,0
353,14.986,1.6320,-0.1102,0
354,15.018,1.5660,-0.1221,0
355,15.050,1.5480,-0.1201,0
356,15.080,1.6120,-0.1107,0
357,15.109,0.6560,-0.3002,0
358,15.139,1.1640,-0.3420,0
359,15.169,1.9160,-0.2358,0
360,15.200,1.7200,-0.1754,0
361,15.232,1.8100,-0.0963,0
362,15.262,1.8880,-0.0429,0
363,15.292,2.2660,0.0776,0
364,15.322,2.3980,0.2208,0
365,15.357,2.2480,0.2933,0
366,15.387,1.8940,0.2658,0
367,15.417,1.5100,0.1796,0
368,15.447,1.6300,0.1312,0
369,15.477,1.7400,0.0994,0
370,15.508,1.7100,0.0831,0
371,15.538,1.6340,0.0617,0
372,15.568,1.5680,0.0133,0
373,15.599,1.4240,-0.0499,0
374,15.630,1.5240,-0.0669,0
375,15.662,1.6800,-0.0617,0
376,15.693,1.8060,-0.0341,0
377,15.724,1.8460,0.0112,0
378,15.755,1.6120,-0.0045,0
379,15.785,1.5940,-0.0320,0
380,15.817,1.5280,-0.0593,0
381,15.847,1.6020,-0.0603,0
382,15.878,1.7240,-0.0474,0
383,15.909,0.7420,-0.2264,0
384,15.939,1.2540,-0.2615,0
385,15.973,2.0860,-0.1458,0
386,16.005,2.1120,-0.0259,0
387,16.036,1.9520,0.0579,0
388,16.068,1.9120,0.0815,0
389,16.101,2.1140,0.1369,0
390,16.132,2.1680,0.2230,0
391,16.163,1.8320,0.2109,0
392,16.194,1.7040,0.1526,0
393,16.230,1.4340,0.0712,0
394,16.258,1.7200,0.0693,0
395,16.291,1.8800,0.0757,0
396,16.322,1.6580,0.0514,0
397,16.354,1.6060,0.0361,0
398,16.385,1.5900,-0.0051,0
399,16.417,1.5460,-0.0446,0
400,16.448,1.5580,-0.0511,0
401,16.480,1.5460,-0.0733,0
402,16.511,1.6740,-0.0762,0
403,16.542,1.8140,-0.0303,0
404,16.574,1.7220,-0.0110,0
405,16.607,1.7120,-0.0149,0
406,16.638,1.7280,-0.0076,0
407,16.670,1.7000,0.0038,0
408,16.701,1.6820,-0.0037,0
409,16.733,0.2780,-0.2878,0
410,16.766,1.1060,-0.3426,0
411,16.798,1.7700,-0.2757,0
412,16.830,1.9320,-0.1619,0
413,16.861,1.9820,-0.0458,0
414,16.893,2.1520,0.0468,0
415,16.927,2.4140,0.1764,0
416,16.959,2.5060,0.3256,0
417,16.991,1.8500,0.2952,0
418,17.023,1.8760,0.2561,0
419,17.055,1.7300,0.2104,0
420,17.086,1.7020,0.1767,0
421,17.118,1.5340,0.0954,0
422,17.150,1.5300,0.0339,0
423,17.183,1.5320,-0.0002,0
424,17.216,1.4980,-0.0448,0
425,17.252,1.5320,-0.0791,0
426,17.285,1.5400,-0.0907,0
427,17.321,1.7160,-0.0666,0
428,17.354,1.5180,-0.0961,0
429,17.388,1.5840,-0.0965,0
430,17.421,1.4960,-0.1137,0
431,17.454,1.6260,-0.1090,0
432,17.487,1.5660,-0.1130,0
433,17.520,1.6880,-0.0848,0
434,17.552,1.5500,-0.0971,0
435,17.587,0.1320,-0.3846,0
436,17.621,1.7100,-0.3032,0
437,17.654,1.9860,-0.1991,0
438,17.687,1.9880,-0.0719,0
439,17.720,1.9400,0.0114,0
440,17.753,2.1300,0.0780,0
441,17.787,2.3040,0.1918,0
442,17.820,2.0240,0.2462,0
443,17.853,1.7280,0.1941,0
444,17.887,1.5740,0.1174,0
445,17.922,1.6920,0.1084,0
446,17.955,1.7200,0.0919,0
447,17.989,1.3840,-0.0020,0
448,18.022,1.6500,-0.0032,0
449,18.054,1.5000,-0.0369,0
450,18.087,1.5580,-0.0640,0
451,18.120,1.6200,-0.0652,0
452,18.153,1.5840,-0.0649,0
453,18.187,1.6900,-0.0543,0
454,18.220,1.6240,-0.0597,0
455,18.257,1.8580,-0.0060,0
456,18.292,1.6220,-0.0161,0
457,18.325,1.7480,-0.0033,0
458,18.358,1.8820,0.0370,0
459,18.391,1.1660,-0.0673,0
460,18.424,0.9220,-0.2048,0
461,18.457,1.9180,-0.1310,0
462,18.489,1.9500,-0.0492,0
463,18.522,1.9220,0.0319,0
464,18.555,2.1420,0.1103,0
465,18.593,2.4160,0.2223,0
466,18.626,2.1820,0.2963,0
467,18.661,1.8400,0.2730,0
468,18.695,1.4480,0.1483,0
469,18.730,1.3800,0.0562,0
470,18.764,1.4180,-0.0024,0
471,18.799,1.3840,-0.0776,0
472,18.833,1.3520,-0.1344,0
473,18.868,1.4580,-0.1429,0
474,18.901,1.4900,-0.1586,0
475,18.939,1.6500,-0.1407,0
476,18.973,1.8620,-0.0676,0
477,19.007,1.9720,0.0076,0
478,19.041,1.8920,0.0426,0
479,19.075,1.6360,0.0297,0
480,19.110,1.7960,0.0493,0
481,19.144,1.7820,0.0496,0
482,19.177,1.6940,0.0439,0
483,19.212,1.6620,0.0364,0
484,19.249,0.1200,-0.2861,0
485,19.286,1.7680,-0.2195,0
486,19.322,2.0340,-0.1182,0
487,19.358,1.9300,-0.0190,0
488,19.393,2.1340,0.0835,0
489,19.427,2.1900,0.1470,0
490,19.461,2.4260,0.2766,0
491,19.497,1.7660,0.2551,0
492,19.531,1.5680,0.1637,0
493,19.565,1.5400,0.0859,0
494,19.600,1.6420,0.0719,0
495,19.638,1.8140,0.0784,0
496,19.674,1.6780,0.0442,0
497,19.709,2.0600,0.1162,0
498,19.744,1.8520,0.1280,0
499,19.778,1.7960,0.1121,0
500,19.813,1.7060,0.0883,0
501,19.847,1.5600,0.0475,0
502,19.882,1.5280,-0.0037,0
503,19.916,1.5060,-0.0498,0
504,19.952,1.5220,-0.0709,0
505,19.988,1.6220,-0.0732,0
506,20.024,1.6240,-0.0807,0
507,20.059,1.8440,-0.0323,0
508,20.094,0.4280,-0.2711,0
509,20.128,1.7440,-0.2138,0
510,20.164,1.9320,-0.1424,0
511,20.198,1.8840,-0.0492,0
512,20.236,1.9980,0.0328,0
513,20.271,2.2340,0.1094,0
514,20.307,2.5700,0.2706,0
515,20.346,1.8380,0.2685,0
516,20.382,1.5020,0.1602,0
517,20.419,1.5120,0.0694,0
518,20.454,1.6780,0.0642,0
519,20.490,1.5840,0.0294,0
520,20.525,1.6560,-0.0047,0
521,20.561,1.7440,0.0076,0
522,20.597,1.5760,-0.0079,0
523,20.632,1.4680,-0.0646,0
524,20.668,1.4880,-0.1022,0
525,20.707,1.7140,-0.0692,0
526,20.744,1.8480,-0.0280,0
527,20.780,1.5140,-0.0653,0
528,20.817,1.5580,-0.0726,0
529,20.854,1.6680,-0.0664,0
530,20.889,1.8460,-0.0308,0
531,20.925,1.3780,-0.0798,0
532,20.961,1.3160,-0.1341,0
533,20.997,1.9320,-0.0756,0
534,21.032,1.8900,-0.0196,0
535,21.072,2.1780,0.1000,0
536,21.108,2.3740,0.2051,0
537,21.145,2.4800,0.3125,0
538,21.182,1.8860,0.3046,0
539,21.219,1.5460,0.2094,0
540,21.258,1.6620,0.1326,0
541,21.294,1.8100,0.1283,0
542,21.330,1.5120,0.0747,0
543,21.366,1.2140,-0.0549,0
544,21.402,1.4600,-0.1065,0
545,21.442,1.7220,-0.0742,0
546,21.479,1.6300,-0.0741,0
547,21.517,1.4880,-0.1115,0
548,21.555,1.6400,-0.1007,0
549,21.592,1.6360,-0.0912,0
550,21.628,1.7480,-0.0683,0
551,21.664,1.6240,-0.0711,0
552,21.700,1.5020,-0.0912,0
553,21.736,1.4680,-0.1227,0
554,21.772,0.0000,-0.4368,0
555,21.812,1.9360,-0.3016,0
556,21.850,1.7500,-0.2454,0
557,21.888,2.0100,-0.1052,0
558,21.925,2.3520,0.0574,0
559,21.962,2.2320,0.1369,0
560,21.999,1.9400,0.1749,0
561,22.037,1.5860,0.1327,0
562,22.074,1.8660,0.1172,0
563,22.112,1.6020,0.0711,0
564,22.149,1.4780,0.0365,0
565,22.191,1.8120,0.0372,0
566,22.228,1.7360,0.0207,0
567,22.268,1.4640,-0.0047,0
568,22.306,1.6600,-0.0115,0
569,22.343,1.6280,-0.0492,0
570,22.380,1.5320,-0.0555,0
571,22.422,1.7440,-0.0209,0
572,22.457,1.6820,-0.0429,0
573,22.494,1.5440,-0.0596,0
574,22.531,1.5240,-0.0610,0
575,22.571,0.7340,-0.2532,0
576,22.609,1.2260,-0.3041,0
577,22.648,1.7540,-0.2198,0
578,22.687,1.8900,-0.1272,0
579,22.724,2.0700,-0.0248,0
580,22.762,1.9820,0.0464,0
581,22.799,2.0840,0.1256,0
582,22.836,1.8540,0.1317,0
583,22.874,1.5580,0.0813,0
584,22.911,1.6540,0.0616,0
585,22.952,1.5540,0.0173,0
586,22.990,1.6760,0.0119,0
587,23.029,1.6080,-0.0021,0
588,23.067,1.4120,-0.0565,0
589,23.106,1.8340,-0.0191,0
590,23.144,1.8820,0.0248,0
591,23.181,1.5200,-0.0039,0
592,23.219,1.5220,-0.0366,0
593,23.258,1.8140,-0.0126,0
594,23.298,1.7380,0.0072,0
595,23.346,1.7040,0.0190,0
596,23.386,1.6040,-0.0092,0
597,23.423,0.4960,-0.2419,0
598,23.461,1.9560,-0.1337,0
599,23.499,1.7900,-0.1012,0
600,23.537,2.0380,0.0090,0
601,23.575,2.3340,0.1491,0
602,23.613,2.3040,0.2293,0
603,23.651,1.9540,0.2456,0
604,23.689,1.5720,0.1872,0
605,23.731,1.7340,0.1400,0
606,23.771,1.7840,0.1207,0
607,23.809,1.8840,0.1524,0
608,23.848,1.6040,0.0994,0
609,23.887,1.7160,0.0678,0
610,23.925,1.7780,0.0772,0
611,23.964,1.6560,0.0603,0
612,24.002,1.5020,-0.0031,0
613,24.040,1.8400,0.0218,0
614,24.079,1.7720,0.0399,0
615,24.121,1.6060,0.0129,0
616,24.160,1.7940,0.0204,0
617,24.201,0.1100,-0.2934,0
618,24.241,1.8800,-0.1968,0
619,24.280,1.9920,-0.1260,0
620,24.320,2.0820,0.0033,0
621,24.359,2.3440,0.1510,0
622,24.398,2.3660,0.2265,0
623,24.437,2.0420,0.2568,0
624,24.476,1.6920,0.2283,0
625,24.520,1.5900,0.1345,0
626,24.559,1.7460,0.0977,0
627,24.601,1.6040,0.0812,0
628,24.639,1.8960,0.0975,0
629,24.678,1.8480,0.0791,0
630,24.718,1.5200,0.0430,0
631,24.758,1.8240,0.0652,0
632,24.798,1.5480,-0.0096,0
633,24.837,1.6220,-0.0194,0
634,24.877,1.7160,0.0007,0
635,24.920,1.7400,-0.0134,0
636,24.960,0.5640,-0.2409,0
637,25.001,1.6800,-0.1833,0
638,25.041,2.1000,-0.0930,0
639,25.081,2.0060,-0.0088,0
640,25.120,2.0580,0.0906,0
641,25.160,2.4080,0.1934,0
642,25.200,2.0380,0.2083,0
643,25.240,1.8260,0.2168,0
644,25.281,1.5320,0.1267,0
645,25.325,1.7240,0.0745,0
646,25.366,1.4380,0.0182,0
647,25.406,1.5620,-0.0070,0
648,25.446,1.5120,-0.0751,0
649,25.486,1.4100,-0.1187,0
650,25.526,1.3900,-0.1403,0
651,25.566,1.3520,-0.2023,0
652,25.606,1.5520,-0.2035,0
653,25.647,1.6800,-0.1480,0
654,25.687,1.2840,-0.2015,0
655,25.731,1.0820,-0.2980,0
656,25.772,1.8360,-0.2062,0
657,25.812,1.9880,-0.0995,0
658,25.852,1.8640,-0.0435,0
659,25.892,2.3540,0.0972,0
660,25.932,2.0460,0.1505,0
661,25.973,1.7100,0.1305,0
662,26.013,1.6640,0.0913,0
663,26.053,1.5140,0.0280,0
664,26.094,1.7020,0.0276,0
665,26.139,1.6960,0.0195,0
666,26.181,1.5140,-0.0265,0
667,26.221,1.5860,-0.0414,0
668,26.265,1.3780,-0.0973,0
669,26.306,1.6660,-0.0883,0
670,26.347,1.5420,-0.1018,0
671,26.389,1.6220,-0.0899,0
672,26.430,0.9120,-0.2281,0
673,26.471,1.2240,-0.2778,0
674,26.511,2.0580,-0.1540,0
675,26.556,1.8820,-0.0756,0
676,26.598,1.9680,0.0105,0
677,26.640,2.4760,0.1566,0
678,26.681,2.0880,0.2047,0
679,26.722,1.7360,0.1929,0
680,26.763,1.7260,0.1502,0
681,26.805,1.5960,0.0836,0
682,26.846,1.8040,0.1026,0
683,26.887,1.6840,0.0807,0
684,26.928,1.6660,0.0427,0
685,26.973,1.8040,0.0590,0
686,27.016,1.3700,-0.0090,0
687,27.058,1.7120,-0.0153,0
688,27.101,1.6440,-0.0320,0
689,27.142,1.8640,0.0215,0
690,27.184,0.4700,-0.2249,0
691,27.226,1.9420,-0.1452,0
692,27.271,2.0820,-0.0491,0
693,27.315,1.9660,0.0443,0
694,27.358,2.4900,0.1932,0
695,27.403,2.3040,0.2527,0
696,27.446,1.9360,0.2712,0
697,27.489,1.7300,0.2300,0
698,27.531,1.5480,0.1207,0
699,27.573,1.6540,0.0867,0
700,27.615,1.5880,0.0620,0
701,27.658,1.7700,0.0424,0
702,27.700,1.4640,-0.0261,0
703,27.742,1.7140,-0.0009,0
704,27.785,1.3320,-0.0843,0
705,27.831,1.6460,-0.0955,0
706,27.874,1.8880,-0.0319,0
707,27.916,1.5920,-0.0399,0
708,27.959,0.2440,-0.3296,0
709,28.002,1.7300,-0.2666,0
710,28.044,1.9500,-0.1709,0
711,28.086,1.9700,-0.0605,0
712,28.129,2.2900,0.0733,0
713,28.172,2.4780,0.1986,0
714,28.215,1.5960,0.1540,0
715,28.262,1.4900,0.0924,0
716,28.307,1.7100,0.0446,0
717,28.350,1.5620,0.0068,0
718,28.393,1.8000,0.0483,0
719,28.436,1.7120,0.0215,0
720,28.480,1.6980,0.0042,0
721,28.523,1.3540,-0.0446,0
722,28.566,1.5140,-0.0785,0
723,28.610,1.7440,-0.0783,0
724,28.653,1.5200,-0.0819,0
725,28.700,0.4800,-0.2917,0
726,28.745,1.1480,-0.3687,0
727,28.789,1.5520,-0.3349,0
728,28.833,1.7820,-0.2144,0
729,28.877,1.5040,-0.2046,0
730,28.921,2.3680,-0.0487,0
731,28.964,1.7500,-0.0067,0
732,29.009,1.4320,-0.0273,0
733,29.052,1.8160,-0.0238,0
734,29.096,1.5960,-0.0429,0
735,29.144,1.7180,0.0100,0
736,29.189,1.7680,0.0130,0
737,29.236,1.7920,0.0114,0
738,29.281,1.7120,0.0441,0
739,29.326,1.8500,0.0751,0
740,29.371,2.0100,0.0976,0
741,29.415,2.0800,0.1709,0
742,29.459,0.4300,-0.0874,0
743,29.504,2.2960,0.0244,0
744,29.549,2.6500,0.1840,0
745,29.597,3.1400,0.4874,0
746,29.642,3.2200,0.6977,0
747,29.685,3.0960,0.7946,0
748,29.730,3.1280,0.9357,0
749,29.774,3.1180,1.0389,0
750,29.818,2.3980,0.9201,0
751,29.862,1.9300,0.7606,0
752,29.907,1.5200,0.5676,0
753,29.951,0.8740,0.2407,0
754,29.995,0.9660,0.0032,0
755,30.043,0.8800,-0.1705,0
756,30.089,0.8900,-0.3216,0
757,30.133,0.6480,-0.5040,0
758,30.178,0.6940,-0.6110,0
759,30.224,0.0000,-0.8314,0
760,30.272,1.0540,-0.8184,0
761,30.314,1.1820,-0.7699,0
762,30.358,1.3660,-0.6559,0
763,30.403,1.6240,-0.5404,0
764,30.447,1.3520,-0.5133,0
765,30.495,1.3400,-0.4574,0
766,30.541,1.1300,-0.4676,0
767,30.585,1.1800,-0.4883,0
768,30.630,1.3320,-0.4489,0
769,30.675,1.8120,-0.3123,0
770,30.720,1.5640,-0.2741,0
771,30.765,1.4980,-0.2446,0
772,30.810,1.6300,-0.1870,0
773,30.854,1.7040,-0.1418,0
774,30.899,1.6040,-0.1203,0
775,30.948,1.1120,-0.1879,0
776,30.994,1.3940,-0.2011,0
777,31.040,1.9580,-0.1087,0
778,31.085,2.0040,0.0017,0
779,31.130,2.2020,0.1292,0
780,31.175,2.6720,0.2958,0
781,31.222,2.0500,0.3227,0
782,31.270,1.9060,0.3306,0
783,31.316,1.6220,0.2400,0
784,31.362,1.8120,0.2094,0
785,31.411,1.8340,0.2181,0
786,31.457,2.0580,0.2508,0
787,31.503,1.8940,0.2288,0
788,31.548,1.6340,0.1870,0
789,31.594,1.8780,0.1936,0
790,31.639,2.0500,0.2081,0
791,31.686,1.7620,0.1887,0
792,31.732,0.6320,-0.0415,0
793,31.778,2.0060,0.0070,0
794,31.824,2.0200,0.0517,0
795,31.873,2.2420,0.1906,0
796,31.921,2.3020,0.2730,0
797,31.966,1.7960,0.2093,0
798,32.013,1.5820,0.1649,0
799,32.059,1.8000,0.1582,0
800,32.104,1.5720,0.0694,0
801,32.153,1.6420,0.0511,0
802,32.199,1.3960,-0.0034,0
803,32.246,1.6520,-0.0351,0
804,32.292,1.6200,-0.0537,0
805,32.341,1.6980,-0.0200,0
806,32.387,1.5340,-0.0562,0
807,32.433,1.3440,-0.1328,0
808,32.478,1.2360,-0.1836,0
809,32.524,2.0500,-0.0749,0
810,32.570,1.8600,-0.0438,0
811,32.615,1.9480,0.0331,0
812,32.661,2.2120,0.1369,0
813,32.707,2.1020,0.1725,0
814,32.753,1.5760,0.1222,0
815,32.802,1.5420,0.0766,0
816,32.848,1.4020,-0.0208,0
817,32.894,1.4580,-0.0686,0
818,32.940,1.8180,-0.0172,0
819,32.987,1.6900,-0.0251,0
820,33.032,1.3600,-0.0924,0
821,33.078,1.7080,-0.0622,0
822,33.124,1.7560,-0.0446,0
823,33.169,1.5180,-0.0741,0
824,33.215,0.9540,-0.1956,0
825,33.265,1.8240,-0.1374,0
826,33.312,1.9480,-0.0727,0
827,33.358,2.1740,0.0595,0
828,33.404,2.2380,0.1628,0
829,33.451,1.6280,0.1024,0
830,33.498,1.5780,0.0662,0
831,33.543,1.8800,0.0913,0
832,33.589,1.7120,0.0625,0
833,33.636,1.6960,0.0552,0
834,33.683,1.4860,0.0075,0
835,33.732,1.5680,-0.0319,0
836,33.778,1.5400,-0.0606,0
837,33.825,1.8600,-0.0069,0
838,33.871,1.8060,0.0115,0
839,33.917,1.5520,-0.0224,0
840,33.964,0.8600,-0.1760,0
841,34.010,2.0980,-0.0686,0
842,34.055,2.0860,0.0093,0
843,34.101,1.9300,0.0798,0
844,34.147,2.1320,0.1535,0
845,34.196,1.8520,0.1302,0
846,34.245,1.5220,0.0827,0
847,34.291,1.8580,0.1056,0
848,34.337,1.6440,0.0476,0
849,34.382,1.4940,0.0022,0
850,34.428,1.6500,0.0051,0
851,34.474,1.6900,-0.0181,0
852,34.521,1.7220,-0.0144,0
853,34.566,1.3940,-0.0538,0
854,34.613,1.7080,-0.0513,0
855,34.662,1.6840,-0.0613,0
856,34.710,1.0820,-0.1510,0
857,34.756,1.6360,-0.1306,0
858,34.802,1.8480,-0.1022,0
859,34.848,1.8640,-0.0305,0
860,34.894,2.3560,0.1263,0
861,34.940,2.2760,0.1925,0
862,34.986,1.7660,0.1728,0
863,35.032,1.2900,0.0782,0
864,35.078,1.5880,0.0145,0
865,35.127,1.7240,-0.0015,0
866,35.174,1.7580,0.0378,0
867,35.220,1.6320,0.0134,0
868,35.268,1.6100,-0.0331,0
869,35.316,1.2000,-0.1115,0
870,35.363,1.6100,-0.0967,0
871,35.408,1.8520,-0.0746,0
872,35.455,1.5560,-0.0796,0
873,35.501,0.7660,-0.2223,0
874,35.547,1.8200,-0.1783,0
875,35.596,2.0300,-0.0946,0
876,35.643,2.2020,0.0688,0
877,35.689,2.4940,0.2149,0
878,35.736,1.8580,0.1744,0
879,35.782,1.3820,0.1028,0
880,35.828,1.4740,0.0441,0
881,35.875,1.8360,0.0233,0
882,35.921,1.6020,0.0100,0
883,35.968,1.4420,-0.0139,0
884,36.015,1.4720,-0.0869,0
885,36.065,1.2780,-0.1655,0
886,36.111,1.5840,-0.1224,0
887,36.158,1.7660,-0.0949,0
888,36.205,1.7560,-0.0828,0
889,36.252,1.1500,-0.1454,0
890,36.298,1.7740,-0.0955,0
891,36.344,2.0480,-0.0380,0
892,36.391,2.1440,0.0822,0
893,36.437,2.3120,0.2141,0
894,36.484,1.6800,0.1420,0
895,36.533,1.4800,0.0704,0
896,36.579,1.6480,0.0649,0
897,36.626,1.7380,0.0423,0
898,36.672,1.6140,0.0086,0
899,36.718,1.4540,-0.0211,0
900,36.767,1.4880,-0.0651,0
901,36.816,1.3580,-0.1369,0
902,36.865,1.4560,-0.1417,0
903,36.916,1.4860,-0.1486,0
904,36.964,0.5060,-0.3665,0
905,37.016,1.5480,-0.3160,0
906,37.064,1.7400,-0.2402,0
907,37.112,1.9620,-0.1277,0
908,37.160,2.2140,0.0127,0
909,37.208,2.1900,0.1148,0
910,37.258,1.5580,0.0749,0
911,37.307,1.8000,0.0869,0
912,37.355,1.7900,0.0816,0
913,37.403,1.6300,0.0611,0
914,37.451,1.5580,0.0317,0
915,37.502,1.6100,0.0008,0
916,37.551,1.3740,-0.0612,0
917,37.599,1.4520,-0.0835,0
918,37.647,1.5880,-0.0921,0
919,37.695,1.7260,-0.0681,0
920,37.741,1.2780,-0.1190,0
921,37.787,1.9620,-0.0379,0
922,37.834,1.8320,-0.0122,0
923,37.880,1.9680,0.0665,0
924,37.926,2.4540,0.2142,0
925,37.976,2.0100,0.2241,0
926,38.022,1.5820,0.1724,0
927,38.068,1.5880,0.1226,0
928,38.115,1.4840,0.0375,0
929,38.161,1.5900,0.0145,0
930,38.208,1.6720,0.0203,0
931,38.255,1.5120,-0.0295,0
932,38.302,1.4820,-0.0673,0
933,38.349,1.5000,-0.0799,0
934,38.395,1.6740,-0.0698,0
935,38.445,1.8680,-0.0258,0
936,38.492,0.1800,-0.3031,0
937,38.538,1.9360,-0.1908,0
938,38.584,1.8040,-0.1573,0
939,38.629,1.9640,-0.0349,0
940,38.675,2.2920,0.1129,0
941,38.722,2.2300,0.1706,0
942,38.768,1.4760,0.1115,0
943,38.815,1.3040,0.0404,0
944,38.860,1.6160,-0.0151,0
945,38.910,1.6380,-0.0285,0
946,38.957,1.7720,0.0332,0
947,39.003,1.5420,-0.0126,0
948,39.049,1.3000,-0.1073,0
949,39.096,1.4900,-0.0988,0
950,39.142,1.5960,-0.0906,0
951,39.188,1.6100,-0.1059,0
952,39.236,0.5580,-0.2894,0
953,39.283,1.8460,-0.1834,0
954,39.330,2.0100,-0.1085,0
955,39.380,2.2100,0.0431,0
956,39.426,2.6660,0.2612,0
957,39.473,2.5980,0.3705,0
958,39.520,1.8600,0.3370,0
959,39.566,1.6200,0.2835,0
960,39.613,1.7760,0.2188,0
961,39.659,1.9500,0.2092,0
962,39.706,1.8440,0.2266,0
963,39.753,1.7160,0.1824,0
964,39.800,1.3300,0.0453,0
965,39.850,1.5880,0.0274,0
966,39.897,1.6020,0.0107,0
967,39.943,1.8440,0.0177,0
968,39.989,0.5840,-0.2012,0
969,40.035,1.8460,-0.1163,0
970,40.082,1.6860,-0.1224,0
971,40.129,1.8880,-0.0471,0
972,40.176,2.3220,0.1096,0
973,40.223,2.0160,0.1351,0
974,40.272,1.7680,0.1230,0
975,40.322,1.7860,0.1324,0
976,40.368,1.5420,0.0622,0
977,40.415,1.4440,-0.0107,0
978,40.462,1.5420,-0.0283,0
979,40.509,1.5400,-0.0571,0
980,40.556,1.5020,-0.0947,0
981,40.603,1.6440,-0.0784,0
982,40.649,1.4280,-0.1108,0
983,40.696,1.3340,-0.1667,0
984,40.743,1.2340,-0.2240,0
985,40.806,2.0380,-0.1047,0
986,40.853,1.9460,-0.0342,0
987,40.899,1.9620,0.0372,0
988,40.945,2.1260,0.1208,0
989,40.991,1.9680,0.1472,0
990,41.038,1.8120,0.1474,0
991,41.084,1.5180,0.0860,0
992,41.130,1.5120,0.0240,0
993,41.175,1.8400,0.0441,0
994,41.221,1.5620,0.0156,0
995,41.278,1.4380,-0.0367,0
996,41.327,1.6120,-0.0557,0
997,41.374,1.9140,-0.0002,0
998,41.419,1.7240,0.0158,0
999,41.465,0.2760,-0.2665,0
1000,41.512,1.7440,-0.2138,0
1001,41.558,2.0600,-0.1099,0
1002,41.604,1.9700,-0.0022,0
1003,41.651,2.1360,0.0950,0
1004,41.697,2.0360,0.1229,0
1005,41.747,1.5500,0.0861,0
1006,41.794,1.5780,0.0613,0
1007,41.840,1.6980,0.0232,0
1008,41.886,1.6000,0.0009,0
1009,41.932,1.4380,-0.0246,0
1010,41.978,1.5720,-0.0593,0
1011,42.024,1.8000,-0.0411,0
1012,42.070,1.4160,-0.0613,0
1013,42.117,1.4580,-0.0908,0
1014,42.163,1.5980,-0.1170,0
1015,42.212,1.5480,-0.1070,0
1016,42.260,1.1940,-0.1614,0
1017,42.305,1.9320,-0.1017,0
1018,42.351,1.8820,-0.0475,0
1019,42.396,1.9860,0.0583,0
1020,42.442,2.3120,0.1644,0
1021,42.488,2.0740,0.1894,0
1022,42.534,1.4720,0.1380,0
1023,42.580,1.4040,0.0574,0
1024,42.627,1.7240,0.0172,0
1025,42.676,1.6960,0.0278,0
1026,42.722,1.6200,0.0347,0
1027,42.767,1.3120,-0.0724,0
1028,42.813,1.2920,-0.1450,0
1029,42.859,1.5720,-0.1144,0
1030,42.909,1.7000,-0.0959,0
1031,42.954,1.3620,-0.1519,0
1032,43.000,0.0000,-0.4309,0
1033,43.046,1.6060,-0.3620,0
1034,43.092,1.9280,-0.2710,0
1035,43.141,1.8520,-0.1386,0
1036,43.187,2.0440,-0.0100,0
1037,43.235,1.9640,0.0152,0
1038,43.283,1.5940,0.0129,0
1039,43.329,1.5960,0.0321,0
1040,43.375,1.5540,-0.0260,0
1041,43.421,1.5700,-0.0492,0
1042,43.466,1.7600,0.0166,0
1043,43.512,1.6700,0.0074,0
1044,43.558,1.6500,-0.0174,0
1045,43.607,1.6720,0.0126,0
1046,43.653,1.7700,0.0409,0
1047,43.699,0.6720,-0.1835,0
1048,43.745,1.3820,-0.1930,0
1049,43.791,1.8420,-0.1136,0
1050,43.837,2.0000,-0.0252,0
1051,43.882,2.1340,0.0871,0
1052,43.928,2.0880,0.1645,0
1053,43.974,1.8220,0.1605,0
1054,44.021,1.6900,0.1364,0
1055,44.070,1.6320,0.1072,0
1056,44.117,1.6440,0.0774,0
1057,44.164,1.6860,0.0647,0
1058,44.209,2.0220,0.1272,0
1059,44.257,1.5680,0.0830,0
1060,44.303,2.0960,0.1512,0
1061,44.349,2.1220,0.2072,0
1062,44.395,1.8260,0.2039,0
1063,44.441,0.9720,0.0268,0
1064,44.488,1.6440,0.0019,0
1065,44.537,1.7320,0.0035,0
1066,44.584,2.0800,0.0999,0
1067,44.630,2.3020,0.2031,0
1068,44.677,1.5900,0.1363,0
1069,44.723,1.3360,0.0519,0
1070,44.769,2.1180,0.1195,0
1071,44.815,2.1340,0.1699,0
1072,44.861,1.7100,0.1612,0
1073,44.907,0.9600,-0.0117,0
1074,44.954,0.7740,-0.2176,0
1075,45.004,1.3560,-0.2430,0
1076,45.052,1.9560,-0.1261,0
1077,45.098,2.1300,-0.0148,0
1078,45.144,0.0000,-0.3401,0
1079,45.190,1.1400,-0.3693,0
1080,45.237,0.8380,-0.4887,0
1081,45.285,2.0300,-0.3050,0
1082,45.331,3.2080,0.0832,0
1083,45.378,2.6180,0.2567,0
1084,45.425,2.3640,0.3587,0
1085,45.475,2.6240,0.4789,0
1086,45.522,2.2360,0.4822,0
1087,45.569,2.4460,0.5427,0
1088,45.615,1.9580,0.4869,0
1089,45.662,1.6680,0.3717,0
1090,45.708,1.5320,0.2545,0
1091,45.755,1.5620,0.1718,0
1092,45.802,1.8100,0.1488,0
1093,45.848,1.2860,0.0292,0
1094,45.895,1.9020,0.0621,0
1095,45.945,1.8500,0.0661,0
1096,45.992,1.1800,-0.0497,0
1097,46.038,1.2000,-0.1386,0
1098,46.085,1.3960,-0.1921,0
1099,46.131,1.3360,-0.2281,0
1100,46.178,1.3980,-0.2293,0
1101,46.225,1.1940,-0.2936,0
1102,46.275,1.0340,-0.3725,0
1103,46.322,0.8980,-0.4435,0
1104,46.369,1.5200,-0.3902,0
1105,46.419,1.7660,-0.3034,0
1106,46.466,1.6780,-0.2219,0
1107,46.512,1.0340,-0.2922,0
1108,46.559,1.0380,-0.3723,0
1109,46.606,1.3100,-0.3688,0
1110,46.652,1.3060,-0.3460,0
1111,46.698,1.4080,-0.3234,0
1112,46.745,0.5580,-0.4781,0
1113,46.791,0.7740,-0.5392,0
1114,46.837,0.0120,-0.7522,0
1115,46.886,0.4080,-0.8429,0
1116,46.933,1.2200,-0.7449,0
1117,46.979,0.8460,-0.7259,0
1118,47.025,0.8800,-0.7014,0
1119,47.071,0.4160,-0.7886,0
1120,47.116,1.4500,-0.6426,0
1121,47.162,1.3100,-0.5442,0
1122,47.207,0.7540,-0.5678,0
1123,47.254,0.0640,-0.7368,0
1124,47.301,1.9340,-0.5098,0
1125,47.351,2.2720,-0.2437,0
1126,47.397,2.1280,-0.0273,0
1127,47.442,2.3200,0.1473,0
1128,47.488,1.4500,0.0991,0
1129,47.534,2.7980,0.3614,0
1130,47.579,2.3920,0.4688,0
1131,47.625,1.8480,0.4452,0
1132,47.671,1.6500,0.3901,0
1133,47.716,2.8720,0.5704,0
1134,47.762,2.2800,0.6019,0
1135,47.811,2.6940,0.7332,0
1136,47.857,1.6940,0.6044,0
1137,47.902,2.5600,0.6667,0
1138,47.948,1.7500,0.5722,0
1139,47.993,1.8300,0.5162,0
1140,48.038,1.4220,0.3562,0
1141,48.084,2.6700,0.4888,0
1142,48.129,2.0940,0.4997,0
1143,48.174,2.0440,0.4905,0
1144,48.219,2.0220,0.4496,0
1145,48.268,1.9960,0.4309,0
1146,48.314,1.5140,0.3324,0
1147,48.360,1.7040,0.2621,0
1148,48.405,0.8220,0.0309,0
1149,48.451,2.0160,0.1093,0
1150,48.496,1.7960,0.1044,0
1151,48.541,1.1880,-0.0074,0
1152,48.586,1.3280,-0.0617,0
1153,48.631,1.7760,-0.0410,0
1154,48.676,1.5840,-0.0476,0
1155,48.724,0.5760,-0.2290,0
1156,48.770,1.8500,-0.1560,0
1157,48.815,3.0980,0.1367,0
1158,48.861,3.2300,0.4610,0
1159,48.906,3.2320,0.7065,0
1160,48.952,3.2320,0.8402,0
1161,48.996,3.2280,0.9804,0
1162,49.042,3.2220,1.1125,0
1163,49.086,2.9160,1.0998,0
1164,49.132,2.6340,1.0340,0
1165,49.180,2.4140,0.9722,0
1166,49.227,2.3960,0.8844,0
1167,49.274,2.0660,0.7284,0
1168,49.319,1.3740,0.5051,0
1169,49.364,1.4520,0.3278,0
1170,49.408,1.5320,0.1657,0
1171,49.453,1.3700,0.0441,0
1172,49.498,0.0000,-0.3078,0
1173,49.544,1.5020,-0.3408,0
1174,49.588,1.2900,-0.4040,0
1175,49.637,1.3340,-0.3699,0
1176,49.682,1.3400,-0.3900,0
1177,49.727,1.5680,-0.3958,0
1178,49.772,1.1200,-0.4191,0
1179,49.817,0.9000,-0.4840,0
1180,49.862,1.0000,-0.5811,0
1181,49.906,1.2460,-0.5658,0
1182,49.951,0.9580,-0.5675,0
1183,49.996,0.9980,-0.6164,0
1184,50.041,1.2520,-0.6105,0
1185,50.089,1.1920,-0.5561,0
1186,50.135,1.1460,-0.5432,0
1187,50.180,1.1920,-0.5632,0
1188,50.226,0.4540,-0.6768,0
1189,50.274,1.4880,-0.5531,0
1190,50.319,1.6380,-0.4767,0
1191,50.363,1.6180,-0.3743,0
1192,50.408,2.0500,-0.1840,0
1193,50.452,1.9400,-0.1076,0
1194,50.496,1.5640,-0.1044,0
1195,50.544,1.5640,-0.0687,0
1196,50.589,1.7700,-0.0414,0
1197,50.633,1.4300,-0.0906,0
1198,50.678,1.6640,-0.0412,0
1199,50.722,1.7240,-0.0166,0
1200,50.766,1.5000,-0.0585,0
1201,50.810,1.5540,-0.0472,0
1202,50.854,1.7800,-0.0016,0
1203,50.898,1.6280,-0.0189,0
1204,50.943,1.9320,0.0513,0
1205,50.991,0.8180,-0.1064,0
1206,51.035,1.8360,-0.0562,0
1207,51.079,1.9580,0.0023,0
1208,51.123,2.2500,0.1520,0
1209,51.167,2.1000,0.2206,0
1210,51.211,2.1520,0.2573,0
1211,51.257,1.9600,0.2773,0
1212,51.301,1.6000,0.2275,0
1213,51.345,1.7420,0.1789,0
1214,51.389,1.7480,0.1511,0
1215,51.437,1.7600,0.1609,0
1216,51.482,1.5880,0.1080,0
1217,51.525,1.9440,0.1235,0
1218,51.569,1.4640,0.0709,0
1219,51.613,1.6580,0.0649,0
1220,51.657,1.9940,0.0924,0
1221,51.701,1.4960,0.0435,0
1222,51.745,1.2220,-0.0312,0
1223,51.789,2.0060,0.0177,0
1224,51.832,1.8180,0.0300,0
1225,51.879,1.9360,0.1119,0
1226,51.925,2.2620,0.1979,0
1227,51.969,1.9060,0.1791,0
1228,52.013,1.5440,0.1435,0
1229,52.057,1.6620,0.1135,0
1230,52.101,1.5440,0.0287,0
1231,52.145,1.6480,0.0285,0
1232,52.189,1.8280,0.0688,0
1233,52.235,1.4940,-0.0068,0
1234,52.280,1.5380,-0.0365,0
1235,52.328,1.5780,-0.0327,0
1236,52.372,1.6040,-0.0536,0
1237,52.417,1.5440,-0.0807,0
1238,52.461,0.7040,-0.2404,0
1239,52.506,1.3880,-0.2527,0
1240,52.551,1.8000,-0.2029,0
1241,52.595,1.8140,-0.1116,0
1242,52.639,1.8640,-0.0303,0
1243,52.684,2.1360,0.0438,0
1244,52.727,1.6940,0.0434,0
1245,52.775,1.4740,0.0246,0
1246,52.820,1.6880,0.0018,0
1247,52.864,1.4960,-0.0496,0
1248,52.908,1.8060,0.0165,0
1249,52.952,1.5500,-0.0140,0
1250,52.996,1.5720,-0.0515,0
1251,53.040,1.5120,-0.0576,0
1252,53.084,1.6360,-0.0421,0
1253,53.128,1.6740,-0.0516,0
1254,53.172,1.5620,-0.0572,0
1255,53.219,1.0860,-0.1421,0
1256,53.266,1.8200,-0.0979,0
1257,53.312,1.9380,-0.0360,0
1258,53.357,2.1720,0.1015,0
1259,53.401,2.1960,0.1887,0
1260,53.447,1.8160,0.1623,0
1261,53.492,1.6980,0.1499,0
1262,53.536,1.5340,0.0983,0
1263,53.579,1.5040,0.0247,0
1264,53.623,1.6160,0.0096,0
1265,53.670,1.5100,-0.0109,0
1266,53.714,1.4760,-0.0580,0
1267,53.758,1.5860,-0.0720,0
1268,53.803,1.7500,-0.0291,0
1269,53.847,1.5740,-0.0404,0
1270,53.892,1.9400,0.0116,0
1271,53.937,0.8640,-0.1438,0
1272,53.981,1.7280,-0.0939,0
1273,54.026,2.1080,-0.0097,0
1274,54.071,2.1320,0.0958,0
1275,54.118,2.1260,0.1907,0
1276,54.164,1.7980,0.1612,0
1277,54.208,1.8000,0.1460,0
1278,54.254,1.6640,0.1309,0
1279,54.298,1.5420,0.0723,0
1280,54.342,1.6240,0.0302,0
1281,54.387,1.6960,0.0366,0
1282,54.431,1.5960,0.0197,0
1283,54.475,1.5700,-0.0196,0
1284,54.519,1.8200,0.0107,0
1285,54.567,1.6820,0.0202,0
1286,54.611,1.7860,0.0335,0
1287,54.655,0.7140,-0.1714,0
1288,54.699,1.8440,-0.0983,0
1289,54.744,2.0960,-0.0072,0
1290,54.788,2.1440,0.0958,0
1291,54.832,2.0680,0.1678,0
1292,54.877,2.1880,0.2238,0
1293,54.921,1.8140,0.2006,0
1294,54.965,1.4780,0.1326,0
1295,55.012,1.5880,0.0748,0
1296,55.058,1.8580,0.0761,0
1297,55.102,1.5100,0.0389,0
1298,55.146,1.5220,0.0026,0
1299,55.191,1.7120,-0.0170,0
1300,55.236,1.5900,-0.0298,0
1301,55.281,1.5300,-0.0384,0
1302,55.326,1.7920,-0.0279,0
1303,55.371,0.5760,-0.2491,0
1304,55.415,1.5200,-0.2131,0
1305,55.462,1.8280,-0.1629,0
1306,55.507,2.1340,-0.0411,0
1307,55.552,2.0740,0.0731,0
1308,55.596,2.0620,0.1281,0
1309,55.640,1.7980,0.1091,0
1310,55.685,1.5520,0.0783,0
1311,55.729,1.5140,0.0295,0
1312,55.773,1.8540,0.0332,0
1313,55.818,1.6060,0.0184,0
1314,55.862,1.5660,0.0078,0
1315,55.910,1.7440,-0.0039,0
1316,55.955,1.6500,-0.0168,0
1317,55.999,1.5100,-0.0255,0
1318,56.043,1.7540,-0.0172,0
1319,56.087,1.4720,-0.0738,0
1320,56.131,0.9080,-0.1912,0
1321,56.175,2.0340,-0.0854,0
1322,56.219,1.9380,-0.0445,0
1323,56.266,1.8640,0.0292,0
1324,56.311,2.2260,0.1441,0
1325,56.358,2.0400,0.1554,0
1326,56.404,1.6000,0.1201,0
1327,56.448,1.3960,0.0583,0
1328,56.493,1.7620,0.0294,0
1329,56.536,1.5380,-0.0141,0
1330,56.581,1.4480,-0.0269,0
1331,56.625,1.5900,-0.0575,0
1332,56.669,1.2800,-0.1496,0
1333,56.713,1.4140,-0.1458,0
1334,56.758,1.7980,-0.0942,0
1335,56.805,1.8680,-0.0630,0
1336,56.850,0.3300,-0.2938,0
1337,56.895,1.6460,-0.2294,0
1338,56.939,1.9740,-0.1686,0
1339,56.983,1.8840,-0.0660,0
1340,57.027,2.1040,0.0708,0
1341,57.071,2.2360,0.1308,0
1342,57.115,1.6380,0.0961,0
1343,57.159,1.7620,0.1363,0
1344,57.203,1.6640,0.0794,0
1345,57.251,1.4600,-0.0027,0
1346,57.296,1.5380,0.0055,0
1347,57.341,1.8220,0.0280,0
1348,57.384,1.5960,-0.0240,0
1349,57.429,1.4360,-0.0415,0
1350,57.473,1.7020,-0.0174,0
1351,57.517,1.6520,-0.0505,0
1352,57.561,1.4720,-0.0687,0
1353,57.605,1.4000,-0.0860,0
1354,57.649,1.8440,-0.0610,0
1355,57.696,1.8840,-0.0131,0
1356,57.740,2.1220,0.1120,0
1357,57.784,2.0800,0.1615,0
1358,57.828,1.8060,0.1367,0
1359,57.872,1.6320,0.1217,0
1360,57.916,1.5440,0.0712,0
1361,57.960,1.6700,0.0293,0
1362,58.004,1.7660,0.0488,0
1363,58.048,1.5360,0.0262,0
1364,58.092,1.7100,0.0082,0
1365,58.140,1.7140,0.0049,0
1366,58.185,1.5480,-0.0018,0
1367,58.231,1.5740,-0.0287,0
1368,58.276,1.7080,-0.0363,0
1369,58.321,1.0680,-0.1346,0
1370,58.365,1.2640,-0.1817,0
1371,58.409,2.0820,-0.0931,0
1372,58.453,2.0420,0.0066,0
1373,58.497,1.8800,0.0783,0
1374,58.541,2.3020,0.1662,0
1375,58.589,2.0800,0.1974,0
1376,58.633,1.5900,0.1736,0
1377,58.678,1.6660,0.1277,0
1378,58.722,1.7860,0.0862,0
1379,58.765,1.6000,0.0733,0
1380,58.809,1.8340,0.1025,0
1381,58.853,1.6620,0.0419,0
1382,58.897,1.5940,0.0189,0
1383,58.941,1.4720,-0.0045,0
1384,58.985,1.6640,-0.0325,0
1385,59.032,1.6900,-0.0394,0
1386,59.077,1.7680,0.0114,0
1387,59.120,0.5520,-0.2191,0
1388,59.164,1.7540,-0.1871,0
1389,59.208,2.1400,-0.0589,0
1390,59.252,1.9920,0.0440,0
1391,59.298,2.0100,0.0920,0
1392,59.345,1.9540,0.1086,0
1393,59.389,1.7500,0.1194,0
1394,59.432,1.5160,0.0656,0
1395,59.480,1.4900,-0.0124,0
1396,59.525,1.6400,-0.0165,0
1397,59.569,1.7520,0.0140,0
1398,59.613,1.5320,-0.0335,0
1399,59.657,1.7560,-0.0198,0
1400,59.701,1.6320,-0.0147,0
1401,59.744,1.6400,-0.0227,0
1402,59.788,1.4420,-0.0788,0
1403,59.832,1.5200,-0.0894,0
1404,59.876,1.6480,-0.0760,0
1405,59.923,2.0240,-0.0031,0
1406,59.968,0.5300,-0.2239,0
1407,60.012,1.6460,-0.1775,0
1408,60.056,2.1240,-0.0818,0
1409,60.099,1.9020,-0.0050,0
1410,60.143,2.1300,0.1130,0
1411,60.187,2.1500,0.1578,0
1412,60.233,1.6900,0.1249,0
1413,60.279,1.5200,0.0957,0
1414,60.324,1.7540,0.0701,0
1415,60.371,1.7300,0.0440,0
1416,60.416,1.6220,0.0506,0
1417,60.461,1.6360,0.0297,0
1418,60.504,1.7340,0.0036,0
1419,60.548,1.5120,-0.0168,0
1420,60.591,1.8040,0.0255,0
1421,60.636,1.6660,-0.0110,0
1422,60.679,1.4680,-0.0495,0
1423,60.723,1.6740,-0.0216,0
1424,60.767,1.5760,-0.0576,0
1425,60.814,1.6060,-0.0695,0
1426,60.858,1.4540,-0.0810,0
1427,60.902,1.3920,-0.1276,0
1428,60.946,1.7860,-0.0991,0
1429,60.989,2.0700,0.0111,0
1430,61.033,1.9580,0.0776,0
1431,61.076,2.2860,0.1685,0
1432,61.120,1.7820,0.1531,0
1433,61.163,1.4040,0.0848,0
1434,61.207,1.4580,0.0072,0
1435,61.254,1.6100,-0.0274,0
1436,61.299,1.4540,-0.0499,0
1437,61.343,1.6840,-0.0378,0
1438,61.387,1.7440,-0.0405,0
1439,61.430,1.4980,-0.0578,0
1440,61.474,1.7400,-0.0216,0
1441,61.517,1.5400,-0.0664,0
1442,61.560,1.4400,-0.0994,0
1443,61.603,1.6120,-0.0774,0
1444,61.646,1.5640,-0.0976,0
1445,61.693,1.7740,-0.0646,0
1446,61.736,0.6040,-0.2462,0
1447,61.780,1.6580,-0.2033,0
1448,61.823,2.0480,-0.1148,0
1449,61.867,1.9480,-0.0087,0
1450,61.911,2.0540,0.0895,0
1451,61.954,2.4160,0.1888,0
1452,61.997,1.7020,0.1637,0
1453,62.041,1.9040,0.2070,0
1454,62.084,1.6160,0.1231,0
1455,62.131,1.5800,0.0657,0
1456,62.175,1.9240,0.1275,0
1457,62.218,1.7800,0.1109,0
1458,62.263,1.6480,0.0629,0
1459,62.307,1.8800,0.1048,0
1460,62.351,1.6640,0.0814,0
1461,62.394,1.6120,0.0327,0
1462,62.437,1.7880,0.0482,0
1463,62.481,1.5040,0.0112,0
1464,62.524,1.7940,0.0192,0
1465,62.571,1.7820,0.0249,0
1466,62.615,1.1020,-0.0817,0
1467,62.658,1.8620,-0.0352,0
1468,62.701,1.8460,-0.0189,0
1469,62.744,1.8040,0.0275,0
1470,62.789,2.2560,0.1428,0
1471,62.836,1.9720,0.1468,0
1472,62.880,1.4380,0.0779,0
1473,62.924,1.7200,0.0779,0
1474,62.971,1.8520,0.0656,0
1475,63.019,1.5520,0.0261,0
1476,63.063,1.5280,0.0081,0
1477,63.107,1.9020,0.0245,0
1478,63.152,1.6740,0.0035,0
1479,63.198,1.5260,-0.0040,0
1480,63.245,1.6120,-0.0305,0
1481,63.290,1.7540,-0.0378,0
1482,63.338,1.7440,-0.0006,0
1483,63.384,1.6260,-0.0050,0
1484,63.429,1.3400,-0.0997,0
1485,63.476,1.2520,-0.1647,0
1486,63.520,1.9620,-0.0654,0
1487,63.563,1.7720,-0.0516,0
1488,63.606,2.0500,0.0329,0
1489,63.654,2.3760,0.1742,0
1490,63.695,1.8380,0.1624,0
1491,63.739,1.7940,0.1463,0
1492,63.782,1.6080,0.0995,0
1493,63.824,1.7300,0.0805,0
1494,63.868,1.6820,0.0538,0
1495,63.916,1.5440,0.0142,0
1496,63.962,1.5080,-0.0289,0
1497,64.006,1.8480,-0.0036,0
1498,64.052,1.6440,-0.0135,0
1499,64.096,1.4780,-0.0476,0
1500,64.141,1.6980,-0.0487,0
1501,64.185,1.6280,-0.0601,0
1502,64.231,1.5180,-0.0723,0
1503,64.274,0.3860,-0.3189,0
1504,64.319,1.6620,-0.2770,0
1505,64.364,1.7500,-0.2163,0
1506,64.410,1.9300,-0.0986,0
1507,64.455,2.1980,0.0209,0
1508,64.499,2.0240,0.0698,0
1509,64.545,1.5600,0.0505,0
1510,64.590,1.8440,0.0744,0
1511,64.634,1.5620,0.0099,0
1512,64.678,1.5420,-0.0099,0
1513,64.722,1.8900,0.0419,0
1514,64.764,1.5160,-0.0200,0
1515,64.811,1.6000,-0.0298,0
1516,64.855,1.7280,-0.0057,0
1517,64.897,1.5200,-0.0490,0
1518,64.941,1.7780,-0.0244,0
1519,64.985,1.7660,0.0051,0
1520,65.032,1.4940,-0.0347,0
1521,65.076,1.0440,-0.1614,0
1522,65.122,1.9420,-0.0790,0
1523,65.168,1.8140,-0.0386,0
1524,65.213,1.7840,-0.0012,0
1525,65.259,2.1840,0.0967,0
1526,65.303,1.9860,0.1315,0
1527,65.344,1.5800,0.0957,0
1528,65.386,1.5520,0.0479,0
1529,65.430,1.4600,-0.0229,0
1530,65.474,1.7060,-0.0098,0
1531,65.517,1.5560,-0.0275,0
1532,65.560,1.6100,-0.0459,0
1533,65.604,1.7960,-0.0187,0
1534,65.647,1.5220,-0.0379,0
1535,65.694,1.5860,-0.0507,0
1536,65.737,1.9180,-0.0059,0
1537,65.779,1.5260,-0.0289,0
1538,65.822,1.7820,0.0059,0
1539,65.864,0.2160,-0.2981,0
1540,65.907,1.7560,-0.2260,0
1541,65.950,1.8740,-0.1485,0
1542,65.992,1.9580,-0.0454,0
1543,66.035,2.0260,0.0396,0
1544,66.078,2.1780,0.1206,0
1545,66.125,1.9560,0.1597,0
1546,66.169,1.6020,0.1242,0
1547,66.212,1.5640,0.0621,0
1548,66.257,1.7860,0.0616,0
1549,66.297,1.4900,0.0245,0
1550,66.340,1.7720,0.0359,0
1551,66.383,1.5680,-0.0100,0
1552,66.425,1.6700,-0.0000,0
1553,66.468,1.3060,-0.0687,0
1554,66.511,1.5560,-0.0940,0
